state,account,door,dollar_vol
CA,* Independent Kiva Sales & Service,105TH MANAGEMENT,2568.62
CA,* Independent Kiva Sales & Service,1841 El Camino (Horizon),0.29999999999999893
CA,* Independent Kiva Sales & Service,365 Recreational Cannabis,6582.84
CA,* Independent Kiva Sales & Service,420 Central,0.0
CA,* Independent Kiva Sales & Service,420 Kingdom,0.03999999999999915
CA,* Independent Kiva Sales & Service,420 Strains,486.06
CA,* Independent Kiva Sales & Service,515 Broadway,48.0
CA,* Independent Kiva Sales & Service,7 Stars Holistic Healing Center,1.4699999999999949
CA,* Independent Kiva Sales & Service,710 SF INC.,0.3999999999999986
CA,* Independent Kiva Sales & Service,A Green Alternative Cooperative,0.12999999999999937
CA,* Independent Kiva Sales & Service,A Therapeutic Alternative,1968.24
CA,* Independent Kiva Sales & Service,ABIDE NAPA,2988.81
CA,* Independent Kiva Sales & Service,AHHS Weho,5729.5199999999995
CA,* Independent Kiva Sales & Service,"ALTERNATIVES, A HEALTH COLLECTIVE",3.399999999999995
CA,* Independent Kiva Sales & Service,ASHE Society,15295.16
CA,* Independent Kiva Sales & Service,Abatin Wellness Center,0.009999999999999787
CA,* Independent Kiva Sales & Service,Airfield Supply Co.,118564.55
CA,* Independent Kiva Sales & Service,Alexander Valley Organics Inc.,264.0
CA,* Independent Kiva Sales & Service,All About Wellness,0.5999999999999979
CA,* Independent Kiva Sales & Service,All Natural Inc,684.16
CA,* Independent Kiva Sales & Service,Alpha Core Inc.,0.3999999999999986
CA,* Independent Kiva Sales & Service,Alpha Core Inc.-Distro,0.03999999999999915
CA,* Independent Kiva Sales & Service,Amenta Systems,1740.0
CA,* Independent Kiva Sales & Service,Apothecary,870.86
CA,* Independent Kiva Sales & Service,Ascent Mammoth,12381.7
CA,* Independent Kiva Sales & Service,Atomic Budz,0.2699999999999978
CA,* Independent Kiva Sales & Service,BASA,1351.5
CA,* Independent Kiva Sales & Service,BASA- Bay Area Safe Alternatives,3.400000000000004
CA,* Independent Kiva Sales & Service,Ball Family Farms,0.0
CA,* Independent Kiva Sales & Service,Bare Dispensary,0.02999999999999936
CA,* Independent Kiva Sales & Service,Bay Care Delivery,4302.07
CA,* Independent Kiva Sales & Service,Bay Leaves,150.05
CA,* Independent Kiva Sales & Service,BayQueen,0.02999999999999936
CA,* Independent Kiva Sales & Service,Bento Delivery,16034.94
CA,* Independent Kiva Sales & Service,Berkeley Patients Group (BPG),11114.88
CA,* Independent Kiva Sales & Service,Big Moon Sky,5.0
CA,* Independent Kiva Sales & Service,Big Sur Cannabotanicals,25904.17
CA,* Independent Kiva Sales & Service,Blaze1 - Dunsmuir,0.02999999999999936
CA,* Independent Kiva Sales & Service,Blazed Utopia,552.08
CA,* Independent Kiva Sales & Service,Bloom Room,0.4999999999999982
CA,* Independent Kiva Sales & Service,Blue Zen Ventures Management,36.800000000000004
CA,* Independent Kiva Sales & Service,Blunts and Moore,448.1
CA,* Independent Kiva Sales & Service,BoRu Co,5521.17
CA,* Independent Kiva Sales & Service,Boca del Rio Agriculture LLC,-1453.0000000000005
CA,* Independent Kiva Sales & Service,Boutiq (Primetime Cap),5920.88
CA,* Independent Kiva Sales & Service,Bud Brothers,0.02999999999999936
CA,* Independent Kiva Sales & Service,Budoloigy,720.0
CA,* Independent Kiva Sales & Service,Buds and Roses,1008.1
CA,* Independent Kiva Sales & Service,BudsBox,500.0
CA,* Independent Kiva Sales & Service,Butter,490.8
CA,* Independent Kiva Sales & Service,Buzz Delivery,3147.88
CA,* Independent Kiva Sales & Service,CALMA WEHO,5099.05
CA,* Independent Kiva Sales & Service,CANN,-44061.38
CA,* Independent Kiva Sales & Service,CBCB - Cannabis Buyers Club of Berkeley,0.8599999999999959
CA,* Independent Kiva Sales & Service,CCA California Caregivers Alliance,14005.63
CA,* Independent Kiva Sales & Service,CCC City Compassionate Caregivers,0.05999999999999872
CA,* Independent Kiva Sales & Service,CDXX LLC,960.12
CA,* Independent Kiva Sales & Service,CRAFT,1835.3999999999999
CA,* Independent Kiva Sales & Service,Calac Wellness,690.0
CA,* Independent Kiva Sales & Service,Calaveras Little Trees,1560.0
CA,* Independent Kiva Sales & Service,Calibueno,0.02999999999999936
CA,* Independent Kiva Sales & Service,California Alternative Caregivers,0.1
CA,* Independent Kiva Sales & Service,California Artisanal Medicine dba CAM Delivery,0.049999999999998934
CA,* Independent Kiva Sales & Service,California City Supply,3222.1
CA,* Independent Kiva Sales & Service,California Collective Care,127.83000000000001
CA,* Independent Kiva Sales & Service,California Street Cannabis Co,10536.2
CA,* Independent Kiva Sales & Service,Calwave Enterprises Inc,46511.38
CA,* Independent Kiva Sales & Service,Canna-Couriers,0.019999999999999574
CA,* Independent Kiva Sales & Service,Cannabis Express,3515.4
CA,* Independent Kiva Sales & Service,Cannablue,15026.52
CA,* Independent Kiva Sales & Service,Cannaco Research Corp,3673.6800000000003
CA,* Independent Kiva Sales & Service,Cannadel,1152.22
CA,* Independent Kiva Sales & Service,Cannasseurs Club - NoHo,0.2
CA,* Independent Kiva Sales & Service,Cannavine,0.03999999999999915
CA,* Independent Kiva Sales & Service,Canni Delivery,60.0
CA,* Independent Kiva Sales & Service,Canopy Club,4368.85
CA,* Independent Kiva Sales & Service,Captain Jacks,33963.94
CA,* Independent Kiva Sales & Service,Captain Puff,109.25999999999999
CA,* Independent Kiva Sales & Service,Casa Cannabis,3583.7
CA,* Independent Kiva Sales & Service,Case Farms,383.5
CA,* Independent Kiva Sales & Service,Charlie Mike Inc.,1994.0
CA,* Independent Kiva Sales & Service,Circle of Hope-Northridge,0.29999999999999893
CA,* Independent Kiva Sales & Service,City Cannabis,432.0
CA,* Independent Kiva Sales & Service,"Cloverdale Wellness, LLC",1897.84
CA,* Independent Kiva Sales & Service,Coachella Greenery,126.0
CA,* Independent Kiva Sales & Service,Coachella Valley Green Dragon,1765.22
CA,* Independent Kiva Sales & Service,Coastal Wellness,12776.34
CA,* Independent Kiva Sales & Service,Collective Effort,360.02
CA,* Independent Kiva Sales & Service,Community Gardens - EAP,3220.2900000000004
CA,* Independent Kiva Sales & Service,Community Gardens - OAKLAND,0.3199999999999932
CA,* Independent Kiva Sales & Service,Compassionate Bay Delivery CBD,844.03
CA,* Independent Kiva Sales & Service,Connected Transportation Partners Inc,2992.08
CA,* Independent Kiva Sales & Service,Conscious Consulting and Yoga Inc.,1260.21
CA,* Independent Kiva Sales & Service,Cookies - Berners on Haight,1599.2
CA,* Independent Kiva Sales & Service,Cookies 805,2477.89
CA,* Independent Kiva Sales & Service,Cookies Maywood,1728.76
CA,* Independent Kiva Sales & Service,Cookies Melrose,291.96
CA,* Independent Kiva Sales & Service,Cookies Santa Ana Ventures,456.0
CA,* Independent Kiva Sales & Service,Cookies Woodland Hills,0.17999999999999972
CA,* Independent Kiva Sales & Service,Cornerstone Research Collective,59299.77
CA,* Independent Kiva Sales & Service,Curbstone Exchange,2421.2599999999998
CA,* Independent Kiva Sales & Service,D & M COMPASSION CENTER,1743.15
CA,* Independent Kiva Sales & Service,DC Collective,3267.48
CA,* Independent Kiva Sales & Service,"DTPG Collective, Inc.",0.1
CA,* Independent Kiva Sales & Service,Dank Depot,1328.06
CA,* Independent Kiva Sales & Service,Date Palm (The Vault),542.22
CA,* Independent Kiva Sales & Service,Davis Cannabis Collective (DCC),1824.0
CA,* Independent Kiva Sales & Service,Delta 9 THC,144.0
CA,* Independent Kiva Sales & Service,Delta Boyz,292.13
CA,* Independent Kiva Sales & Service,Delta Dispensary,180.28
CA,* Independent Kiva Sales & Service,Desert Kush,984.0
CA,* Independent Kiva Sales & Service,Desert Organic Solutions,0.36999999999999744
CA,* Independent Kiva Sales & Service,Direct Natural Alternatives Inc.,144.0
CA,* Independent Kiva Sales & Service,Divine Wellness Center,442.79999999999995
CA,* Independent Kiva Sales & Service,Dixon Wellness Collective,1340.51
CA,* Independent Kiva Sales & Service,Doja Fields,72.0
CA,* Independent Kiva Sales & Service,Doobie Nights,12045.21
CA,* Independent Kiva Sales & Service,Down Under Industries,4620.75
CA,* Independent Kiva Sales & Service,Down Under Industries Inc,663.0600000000001
CA,* Independent Kiva Sales & Service,Dr Green RX,724.8
CA,* Independent Kiva Sales & Service,Dr Greenthumb Cat City,1.36000000000001
CA,* Independent Kiva Sales & Service,Dr. Greenthumb DTLA,2634.16
CA,* Independent Kiva Sales & Service,Dutchman's Flat,6854.25
CA,* Independent Kiva Sales & Service,"ELEVATION 2477, LLC",4692.77
CA,* Independent Kiva Sales & Service,EMERALD CITY DISTRIBUTION,0.009999999999999787
CA,* Independent Kiva Sales & Service,Eagle Eye LLC,2244.04
CA,* Independent Kiva Sales & Service,Earth's Natural Remedy,72.03999999999999
CA,* Independent Kiva Sales & Service,Eco Cannabis,1234.48
CA,* Independent Kiva Sales & Service,Eco Cannabis - Distro,2910.12
CA,* Independent Kiva Sales & Service,Elemental Wellness Center,74142.36
CA,* Independent Kiva Sales & Service,Elevate - Shasta Wellness,1080.3
CA,* Independent Kiva Sales & Service,Elevated - San Francisco,387.4
CA,* Independent Kiva Sales & Service,Emerald Triangle Cannabis,424.0
CA,* Independent Kiva Sales & Service,Empire Gardens - Perris,0.03999999999999915
CA,* Independent Kiva Sales & Service,Erb and Arbor,276.04
CA,* Independent Kiva Sales & Service,"Euphoric Caregivers, Prop- 215",2725.65
CA,* Independent Kiva Sales & Service,Euphorium Oakland,144.8
CA,* Independent Kiva Sales & Service,Eureka Sky,17319.68
CA,* Independent Kiva Sales & Service,Evergreen,0.0799999999999983
CA,* Independent Kiva Sales & Service,Evergreen Evolution LLC,1140.0
CA,* Independent Kiva Sales & Service,Evolv Cannabis,0.02999999999999936
CA,* Independent Kiva Sales & Service,Exclusive Care Delivery,0.03999999999999915
CA,* Independent Kiva Sales & Service,Exhale Med Center,192.26
CA,* Independent Kiva Sales & Service,Exhalence,5487.1
CA,* Independent Kiva Sales & Service,Extrax,708.0
CA,* Independent Kiva Sales & Service,F Street Dispensary,0.29999999999999893
CA,* Independent Kiva Sales & Service,Farmhouse Artisan Market,9211.85
CA,* Independent Kiva Sales & Service,Field of Dreams,0.1999999999999993
CA,* Independent Kiva Sales & Service,Fig & Thistle Apothecary,24449.47
CA,* Independent Kiva Sales & Service,Fig and Thistle Apothecary,3942.78
CA,* Independent Kiva Sales & Service,Fiori,811.44
CA,* Independent Kiva Sales & Service,Firefly Marin,1685.94
CA,* Independent Kiva Sales & Service,Firehaus,1287.1
CA,* Independent Kiva Sales & Service,Firehouse 64,639.6
CA,* Independent Kiva Sales & Service,Fireplace Management Incorporated,2832.33
CA,* Independent Kiva Sales & Service,Flight on Cherry,564.15
CA,* Independent Kiva Sales & Service,"Flor X, Inc.",4800.8
CA,* Independent Kiva Sales & Service,"Flor X, Inc. - Distro",14477.35
CA,* Independent Kiva Sales & Service,Flora Terra,26394.13
CA,* Independent Kiva Sales & Service,Flora Verde,1143.36
CA,* Independent Kiva Sales & Service,Flower Market Delivery,9994.07
CA,* Independent Kiva Sales & Service,Flower Power SF,0.5999999999999979
CA,* Independent Kiva Sales & Service,Flowsent,5736.0
CA,* Independent Kiva Sales & Service,Foggy Daze Delivery Service,388.36
CA,* Independent Kiva Sales & Service,Foothill Health and Wellness,504.0
CA,* Independent Kiva Sales & Service,Foothill Wellness Center,1560.58
CA,* Independent Kiva Sales & Service,Fountain Of Wellbeing A Cooperative Corporation (K,7083.54
CA,* Independent Kiva Sales & Service,GBH Retail,1152.11
CA,* Independent Kiva Sales & Service,Ganjery,216.0
CA,* Independent Kiva Sales & Service,"Garden State Nectar, Inc.",0.03999999999999915
CA,* Independent Kiva Sales & Service,Garden of Eden,17067.89
CA,* Independent Kiva Sales & Service,Genius Boutique,2330.7
CA,* Independent Kiva Sales & Service,Gilbert Express and Cannabis Express,4396.3
CA,* Independent Kiva Sales & Service,Global Greenz,158.4
CA,* Independent Kiva Sales & Service,Golden Gate Cannabis,1593.8
CA,* Independent Kiva Sales & Service,Golden State Greens,0.22999999999999865
CA,* Independent Kiva Sales & Service,Goldn Bloom,11007.01
CA,* Independent Kiva Sales & Service,Good Lyfe,822.33
CA,* Independent Kiva Sales & Service,Grass Roots,1.7999999999999954
CA,* Independent Kiva Sales & Service,Green Angel_2,5627.84
CA,* Independent Kiva Sales & Service,Green Bean,216.0
CA,* Independent Kiva Sales & Service,Green Brier,792.03
CA,* Independent Kiva Sales & Service,Green Chamber,7156.15
CA,* Independent Kiva Sales & Service,Green Cross Pharma,162.71999999999997
CA,* Independent Kiva Sales & Service,Green Cross of Torrance,4556.95
CA,* Independent Kiva Sales & Service,Green Dot Collective,0.3999999999999986
CA,* Independent Kiva Sales & Service,Green Frog Delivery,0.03999999999999915
CA,* Independent Kiva Sales & Service,Green Kong,799.6500000000001
CA,* Independent Kiva Sales & Service,Green Line Delivery,54.0
CA,* Independent Kiva Sales & Service,Green Pearl,0.02999999999999936
CA,* Independent Kiva Sales & Service,Green Qween,3005.2599999999998
CA,* Independent Kiva Sales & Service,Green Remedy,2099.56
CA,* Independent Kiva Sales & Service,Greenhouse Herbal Center,6983.53
CA,* Independent Kiva Sales & Service,Greenlight Discount Pharmacy,0.35999999999999766
CA,* Independent Kiva Sales & Service,Greenskeepers,2280.14
CA,* Independent Kiva Sales & Service,Greenwolf,0.049999999999998934
CA,* Independent Kiva Sales & Service,Greenwolf Bellflower,162.16
CA,* Independent Kiva Sales & Service,HCMA,0.9699999999999793
CA,* Independent Kiva Sales & Service,HEMPSVISION,0.09999999999999964
CA,* Independent Kiva Sales & Service,"HERBAL COOPERATIVE, INC.",2582.4
CA,* Independent Kiva Sales & Service,HHC,4.999999999999968
CA,* Independent Kiva Sales & Service,"HOME GROWN HOLISTIC COLLECTIVE, INC.",564.3
CA,* Independent Kiva Sales & Service,HOTN Cultivation Co.,3784.0
CA,* Independent Kiva Sales & Service,HPC - Port Hueneme,864.01
CA,* Independent Kiva Sales & Service,HPRC - Humboldt,1512.0
CA,* Independent Kiva Sales & Service,HSC Solutions,468.0
CA,* Independent Kiva Sales & Service,HYBRID LA,0.2999999999999994
CA,* Independent Kiva Sales & Service,Hall of Flowers 2019 (Community Gardens Inc.),15.0
CA,* Independent Kiva Sales & Service,Happy Leaf,0.02999999999999936
CA,* Independent Kiva Sales & Service,Harbor Collective,2172.97
CA,* Independent Kiva Sales & Service,Harvest Bloom - Redwood City,9520.58
CA,* Independent Kiva Sales & Service,Haze,3404.08
CA,* Independent Kiva Sales & Service,Hazy Bulldog Farms LLC,1182.74
CA,* Independent Kiva Sales & Service,"Heart of the Emerald, LLC",960.24
CA,* Independent Kiva Sales & Service,Herb Delivery LA,14251.44
CA,* Independent Kiva Sales & Service,Herb N Joy - Beverly Hills,396.65000000000003
CA,* Independent Kiva Sales & Service,Herb N Joy - Goleta,3762.96
CA,* Independent Kiva Sales & Service,Herb N Joy - Hanford,1116.0
CA,* Independent Kiva Sales & Service,Herbal Cruz,998.89
CA,* Independent Kiva Sales & Service,"Herbal Remedies Caregivers, Inc.",0.03999999999999915
CA,* Independent Kiva Sales & Service,Herban Delivery / Levitating Enterprises INC,108.0
CA,* Independent Kiva Sales & Service,Herban Legend,0.1999999999999993
CA,* Independent Kiva Sales & Service,Herbarium,5506.76
CA,* Independent Kiva Sales & Service,Hi Fidelity- Micro,3633.68
CA,* Independent Kiva Sales & Service,HiKei,15670.7
CA,* Independent Kiva Sales & Service,"High Hacks Holdings, Inc.",0.5999999999999979
CA,* Independent Kiva Sales & Service,High Now delivery (Pure CA),4790.16
CA,* Independent Kiva Sales & Service,High Road Delivery,360.0
CA,* Independent Kiva Sales & Service,High Tides,2316.45
CA,* Independent Kiva Sales & Service,Higher Vision,1096.08
CA,* Independent Kiva Sales & Service,Hightend,0.03999999999999915
CA,* Independent Kiva Sales & Service,Hightend Dispensary,636.0
CA,* Independent Kiva Sales & Service,Highway 29,1132.5
CA,* Independent Kiva Sales & Service,Holistic Healing Collective,0.03999999999999915
CA,* Independent Kiva Sales & Service,Hollywood High Grade,14582.7
CA,* Independent Kiva Sales & Service,House of Flowers,60.36
CA,* Independent Kiva Sales & Service,Humanity Wellness,0.45000000000000817
CA,* Independent Kiva Sales & Service,Humboldt Herb & Market,1838.7
CA,* Independent Kiva Sales & Service,Ice Kream,740.0
CA,* Independent Kiva Sales & Service,Iguana Collective,130.0
CA,* Independent Kiva Sales & Service,JAHnetics Delivery,1296.0
CA,* Independent Kiva Sales & Service,Jade Room - Torrance,420.0
CA,* Independent Kiva Sales & Service,"Jaguar Logistics Group, LLC",169.20000000000002
CA,* Independent Kiva Sales & Service,Jane Dispensary,3820.32
CA,* Independent Kiva Sales & Service,"Jayden's Journey Cooperative, Inc.",620.44
CA,* Independent Kiva Sales & Service,Josephine and Billie's,4380.16
CA,* Independent Kiva Sales & Service,Joy Reserve,396.0
CA,* Independent Kiva Sales & Service,Joy of Wellness of Palm Springs,0.06999999999999851
CA,* Independent Kiva Sales & Service,Jungle Boys OC,108.0
CA,* Independent Kiva Sales & Service,"KZD VENTURES, INC",2628.54
CA,* Independent Kiva Sales & Service,Kannabis Works,4680.69
CA,* Independent Kiva Sales & Service,"Kase's Journey, Inc",364.31
CA,* Independent Kiva Sales & Service,"Kepos Enterprises, Inc.",729.05
CA,* Independent Kiva Sales & Service,Kind Delivery,60.46
CA,* Independent Kiva Sales & Service,Kind Farma,0.049999999999998934
CA,* Independent Kiva Sales & Service,King's Crew,15848.31
CA,* Independent Kiva Sales & Service,Kiskanu,228.01
CA,* Independent Kiva Sales & Service,Klover Up,10948.04
CA,* Independent Kiva Sales & Service,Kush Alley - Medicinal,0.03999999999999915
CA,* Independent Kiva Sales & Service,Kushpharm,0.02999999999999936
CA,* Independent Kiva Sales & Service,L.B. Collective,144.48000000000002
CA,* Independent Kiva Sales & Service,LA Wonderland,2556.26
CA,* Independent Kiva Sales & Service,LAX CC,0.2
CA,* Independent Kiva Sales & Service,"LYTT, LLC",180.3
CA,* Independent Kiva Sales & Service,La Botica,1480.0
CA,* Independent Kiva Sales & Service,La Brea Collective,540.0
CA,* Independent Kiva Sales & Service,LaLaLand,120.02
CA,* Independent Kiva Sales & Service,Legacy Kush,1488.0
CA,* Independent Kiva Sales & Service,Lemonnade - Melrose,152.29999999999998
CA,* Independent Kiva Sales & Service,Libra,4834.72
CA,* Independent Kiva Sales & Service,Life Enhancement Services,426.0
CA,* Independent Kiva Sales & Service,Lighthouse Dispensary,1057.76
CA,* Independent Kiva Sales & Service,Lit La Mesa,12823.39
CA,* Independent Kiva Sales & Service,Livity,480.0
CA,* Independent Kiva Sales & Service,Long Beach Wellness Center,271.14
CA,* Independent Kiva Sales & Service,Los Angeles Kush #1,0.5999999999999979
CA,* Independent Kiva Sales & Service,Los Angeles Patients and Caregivers Group,6840.76
CA,* Independent Kiva Sales & Service,Los Angeles Valley Caregivers -LAVC,1752.3600000000001
CA,* Independent Kiva Sales & Service,Love In It,6387.13
CA,* Independent Kiva Sales & Service,Luvbrite Collective,12621.36
CA,* Independent Kiva Sales & Service,Lytt,1921.27
CA,* Independent Kiva Sales & Service,M&M Telegraph Inc,1776.0
CA,* Independent Kiva Sales & Service,"MAGNOLIA EXTRACTS, LLC : High Tide - NUG Ave.",1893.25
CA,* Independent Kiva Sales & Service,MARY JANE'S COLLECTIVE CAREGIVERS,1056.0
CA,* Independent Kiva Sales & Service,MCEC - Medical cannabis education center,4047.2000000000007
CA,* Independent Kiva Sales & Service,MISSION ORGANIC CENTER,13.499999999999996
CA,* Independent Kiva Sales & Service,MOCA Humboldt,0.019999999999999574
CA,* Independent Kiva Sales & Service,MOTA,9521.31
CA,* Independent Kiva Sales & Service,Mainstage,6602.0
CA,* Independent Kiva Sales & Service,Making You Smile,0.29999999999999893
CA,* Independent Kiva Sales & Service,Marie's Deliverables,0.4999999999999991
CA,* Independent Kiva Sales & Service,Marina Caregivers,0.2
CA,* Independent Kiva Sales & Service,Marina Caregivers / Highway,2664.16
CA,* Independent Kiva Sales & Service,Markt Dispensary,852.0
CA,* Independent Kiva Sales & Service,Mary Jane's Collective,1008.0
CA,* Independent Kiva Sales & Service,Marygold,0.03999999999999915
CA,* Independent Kiva Sales & Service,Mecca,14937.11
CA,* Independent Kiva Sales & Service,Mecca The Store,0.02999999999999936
CA,* Independent Kiva Sales & Service,Med Leaf,2322.88
CA,* Independent Kiva Sales & Service,Medallion Wellness,432.71999999999997
CA,* Independent Kiva Sales & Service,Medcare Farms,15069.44
CA,* Independent Kiva Sales & Service,MediThrive,10893.07
CA,* Independent Kiva Sales & Service,Megan's Organic Market,39028.92
CA,* Independent Kiva Sales & Service,Metro Cannabis Collective,0.14000000000000057
CA,* Independent Kiva Sales & Service,Mission Cannabis Club,11243.28
CA,* Independent Kiva Sales & Service,Mission Cannabis Club (Shambhala Healing Center),2389.4
CA,* Independent Kiva Sales & Service,Moonflower Delivery,4001.36
CA,* Independent Kiva Sales & Service,Mother Earth's Farmacy,2202.38
CA,* Independent Kiva Sales & Service,Mother Nature's Remedy,2033.6599999999999
CA,* Independent Kiva Sales & Service,Mount Shasta Patients Collective,0.03999999999999915
CA,* Independent Kiva Sales & Service,Mountain Remedy,8567.51
CA,* Independent Kiva Sales & Service,Movocan,96.0
CA,* Independent Kiva Sales & Service,NRC Holistic Health Services Clinic,1670.2
CA,* Independent Kiva Sales & Service,NXTLVL INC.,2903.25
CA,* Independent Kiva Sales & Service,Napa Cannabis Collective,1156.4
CA,* Independent Kiva Sales & Service,Natural Cannabis Company Distribution,33960.96
CA,* Independent Kiva Sales & Service,Natural Herbal Pain Relief,1591.9799999999998
CA,* Independent Kiva Sales & Service,Nela Rd,0.02999999999999936
CA,* Independent Kiva Sales & Service,New Age Care Center,0.02999999999999936
CA,* Independent Kiva Sales & Service,New Amsterdam Naturals,0.4
CA,* Independent Kiva Sales & Service,New life CA,2326.39
CA,* Independent Kiva Sales & Service,Nice Guys Delivery,74961.44
CA,* Independent Kiva Sales & Service,No Wait Meds,216.0
CA,* Independent Kiva Sales & Service,Northern Erudite Ventures,0.29999999999999893
CA,* Independent Kiva Sales & Service,Nugg Club,67758.94
CA,* Independent Kiva Sales & Service,OAKANNA,912.36
CA,* Independent Kiva Sales & Service,"OC Coast, Inc.",936.12
CA,* Independent Kiva Sales & Service,OC3,17342.67
CA,* Independent Kiva Sales & Service,OG Arabian Nights LLC,1782.37
CA,* Independent Kiva Sales & Service,OG Cannabis Cafe,10353.0
CA,* Independent Kiva Sales & Service,ONA.life,109533.67
CA,* Independent Kiva Sales & Service,Off the Charts - Palm Springs,0.03999999999999915
CA,* Independent Kiva Sales & Service,Off the Charts - Van Nuys,144.0
CA,* Independent Kiva Sales & Service,Ohana Gardens,8877.96
CA,* Independent Kiva Sales & Service,Ojai Greens,9232.0
CA,* Independent Kiva Sales & Service,Organic Greens Collective (OGC Goleta),2614.27
CA,* Independent Kiva Sales & Service,Originals,1345.9099999999999
CA,* Independent Kiva Sales & Service,PAC LA,0.03999999999999915
CA,* Independent Kiva Sales & Service,PCC,0.489999999999986
CA,* Independent Kiva Sales & Service,PORT RETAIL LLC : Leaf and Lion,528.0
CA,* Independent Kiva Sales & Service,PRESCOTT MOORE LLC,0.03999999999999937
CA,* Independent Kiva Sales & Service,PSA Organica,294.0
CA,* Independent Kiva Sales & Service,Pacific Paradise Retailer Corp,0.09999999999999964
CA,* Independent Kiva Sales & Service,Palm Royale Collective,162.76
CA,* Independent Kiva Sales & Service,Papa Bear Farm,0.03999999999999915
CA,* Independent Kiva Sales & Service,Phog Center LLC - Medicinal,0.5400000000000009
CA,* Independent Kiva Sales & Service,Phytologie Wellness Center - Micro,2.3000000000000007
CA,* Independent Kiva Sales & Service,Planet 13 Orange County,20030.15
CA,* Independent Kiva Sales & Service,Planet Budz,0.02999999999999936
CA,* Independent Kiva Sales & Service,Plant Galaxy,3091.38
CA,* Independent Kiva Sales & Service,Plantacea,0.1999999999999993
CA,* Independent Kiva Sales & Service,Plantshop (Wellmar LLC),360.03
CA,* Independent Kiva Sales & Service,Primetiming,0.0600000000000005
CA,* Independent Kiva Sales & Service,Proper Wellness Inc (Rio Dell),725.2
CA,* Independent Kiva Sales & Service,Proper Wellness Inc.,1156.8
CA,* Independent Kiva Sales & Service,Pure Aloha,1537.6
CA,* Independent Kiva Sales & Service,Pure CA,721.23
CA,* Independent Kiva Sales & Service,PureLife,0.29999999999999893
CA,* Independent Kiva Sales & Service,Purple Lotus Patient Center,14921.55
CA,* Independent Kiva Sales & Service,Purple Punch,450.6
CA,* Independent Kiva Sales & Service,Purple Star MD,2383.02
CA,* Independent Kiva Sales & Service,Quality Buds LLC,1056.0
CA,* Independent Kiva Sales & Service,R2H Dispensary,108.0
CA,* Independent Kiva Sales & Service,REEFER MADNESS,3852.8
CA,* Independent Kiva Sales & Service,Reefside,2379.64
CA,* Independent Kiva Sales & Service,Reese Dreams LLC,3831.5
CA,* Independent Kiva Sales & Service,Remedy,0.02999999999999936
CA,* Independent Kiva Sales & Service,Riverside Wellness-Guerneville,996.34
CA,* Independent Kiva Sales & Service,Rockstar Cannabis Club Inc,129.84
CA,* Independent Kiva Sales & Service,Roll Up Inc.,0.019999999999999574
CA,* Independent Kiva Sales & Service,Roots,433.06
CA,* Independent Kiva Sales & Service,Rose Collective,1575.6
CA,* Independent Kiva Sales & Service,Rose Mary Jane,1488.0
CA,* Independent Kiva Sales & Service,Royal Apothecary L.L.C.,4895.740000000001
CA,* Independent Kiva Sales & Service,Royal Highness,3294.42
CA,* Independent Kiva Sales & Service,SCSA - South coast Safe Access,0.03999999999999915
CA,* Independent Kiva Sales & Service,SEPTEM COMA INC - South Sacramento Care Center,240.1
CA,* Independent Kiva Sales & Service,SEPTEM COMA INC. : South Sacramento Care Center,0.4800000000000111
CA,* Independent Kiva Sales & Service,SLOCAL Roots,828.3
CA,* Independent Kiva Sales & Service,STC Alternative Healing,768.0
CA,* Independent Kiva Sales & Service,Sacramento Confidential Delivery,0.09999999999999964
CA,* Independent Kiva Sales & Service,Safeport,13276.14
CA,* Independent Kiva Sales & Service,Santa Barbara Care Center,0.3399999999999981
CA,* Independent Kiva Sales & Service,Santa Barbara Collective,1.1999999999999957
CA,* Independent Kiva Sales & Service,"Satlla, Inc",0.29999999999999893
CA,* Independent Kiva Sales & Service,Satori Wellness,7886.24
CA,* Independent Kiva Sales & Service,Sava,203592.02
CA,* Independent Kiva Sales & Service,"Seaweed Holistics, LLC",72.05
CA,* Independent Kiva Sales & Service,SeaweedSF,2196.8
CA,* Independent Kiva Sales & Service,Semilla HRC,0.03999999999999915
CA,* Independent Kiva Sales & Service,Serra,19203.79
CA,* Independent Kiva Sales & Service,Sespe Creek Collective,15521.28
CA,* Independent Kiva Sales & Service,Shango,0.02999999999999936
CA,* Independent Kiva Sales & Service,Shangri La Care Cooperative,10513.36
CA,* Independent Kiva Sales & Service,Shatter,0.03999999999999915
CA,* Independent Kiva Sales & Service,Shoot the Moon,96.0
CA,* Independent Kiva Sales & Service,Silverlake Caregivers Group,146.39999999999998
CA,* Independent Kiva Sales & Service,Sixty-Four and Hope (La Cienega),564.1800000000001
CA,* Independent Kiva Sales & Service,SkyHigh,0.2
CA,* Independent Kiva Sales & Service,Slo Driver,216.0
CA,* Independent Kiva Sales & Service,Smart Collective,1188.0
CA,* Independent Kiva Sales & Service,"Social Equity Enterprises, LLC",72.08
CA,* Independent Kiva Sales & Service,Society Jane,9541.29
CA,* Independent Kiva Sales & Service,"Sonoma Patient Group, Inc.",0.27999999999999403
CA,* Independent Kiva Sales & Service,Sovereign,1860.0
CA,* Independent Kiva Sales & Service,Space Booth LA,234.1
CA,* Independent Kiva Sales & Service,Space Flyt,0.009999999999999787
CA,* Independent Kiva Sales & Service,Stash Studio City,2298.0
CA,* Independent Kiva Sales & Service,Strain Balboa Caregivers,0.5999999999999979
CA,* Independent Kiva Sales & Service,Strains Dispensary,7896.66
CA,* Independent Kiva Sales & Service,Sugar Budz,0.03999999999999915
CA,* Independent Kiva Sales & Service,Sun Valley Caregivers,0.03999999999999915
CA,* Independent Kiva Sales & Service,Sunset Herbal Corner,1518.1399999999999
CA,* Independent Kiva Sales & Service,Surf City Original,0.0799999999999983
CA,* Independent Kiva Sales & Service,Synchronicity Holistic,62659.62
CA,* Independent Kiva Sales & Service,TAHOE WELLNESS CENTER,2916.34
CA,* Independent Kiva Sales & Service,THE COOKIE COMPANY,0.7999999999999989
CA,* Independent Kiva Sales & Service,"THE HERBIVORE, INC.",5267.38
CA,* Independent Kiva Sales & Service,THE QUEEN OF DRAGONS,0.11999999999999744
CA,* Independent Kiva Sales & Service,Tahoe Green,16964.36
CA,* Independent Kiva Sales & Service,Tahoe Honey Company,1978.3
CA,* Independent Kiva Sales & Service,Taste,0.29999999999999893
CA,* Independent Kiva Sales & Service,The Bakery Fort Bragg,120.0
CA,* Independent Kiva Sales & Service,The Bank,2821.82
CA,* Independent Kiva Sales & Service,The Blvd,2091.81
CA,* Independent Kiva Sales & Service,The Circle,1980.88
CA,* Independent Kiva Sales & Service,The Corner LB,12044.199999999999
CA,* Independent Kiva Sales & Service,The Coughy Shop,0.02999999999999936
CA,* Independent Kiva Sales & Service,The Country Club - Distro,906.0
CA,* Independent Kiva Sales & Service,"The Country Club, LLC",1412.4
CA,* Independent Kiva Sales & Service,The Farmers Flower,990.3199999999999
CA,* Independent Kiva Sales & Service,The Flore Store,2510.2200000000003
CA,* Independent Kiva Sales & Service,The Green Cross,0.03999999999999915
CA,* Independent Kiva Sales & Service,The Green Goddess Collective,27908.67
CA,* Independent Kiva Sales & Service,The Green Peakz LLC,0.09999999999999964
CA,* Independent Kiva Sales & Service,"The Grove La Mesa, Inc. - Medicinal",0.3399999999999981
CA,* Independent Kiva Sales & Service,The Growcery,15428.6
CA,* Independent Kiva Sales & Service,The Guild - Micro,0.29999999999999893
CA,* Independent Kiva Sales & Service,The Healing Center Needles,2437.2
CA,* Independent Kiva Sales & Service,The Healing Tree,1713.5
CA,* Independent Kiva Sales & Service,The Heart of Humboldt - Micro,0.35999999999999766
CA,* Independent Kiva Sales & Service,The Higher Conscious,0.1999999999999993
CA,* Independent Kiva Sales & Service,The Higher Path,17223.71
CA,* Independent Kiva Sales & Service,The Honor Roll (Urban Buds),9.119999999999997
CA,* Independent Kiva Sales & Service,The Hook Outlet,0.17999999999999972
CA,* Independent Kiva Sales & Service,The Humboldt County Collective,0.29999999999999893
CA,* Independent Kiva Sales & Service,The Kind Center,5665.6
CA,* Independent Kiva Sales & Service,The Leaf,94944.86
CA,* Independent Kiva Sales & Service,The Leonard Moore Cooperative,0.3999999999999986
CA,* Independent Kiva Sales & Service,The Lift,15355.34
CA,* Independent Kiva Sales & Service,The Lighthouse Palm Springs,35368.47
CA,* Independent Kiva Sales & Service,The M.O.C.,0.09999999999999964
CA,* Independent Kiva Sales & Service,The Medicine Woman,1392.8799999999999
CA,* Independent Kiva Sales & Service,The People's Remedy - Distro,1296.0
CA,* Independent Kiva Sales & Service,The Plant,1860.52
CA,* Independent Kiva Sales & Service,The Prime Leaf,0.1399999999999988
CA,* Independent Kiva Sales & Service,The Reefinery - Micro,0.3399999999999981
CA,* Independent Kiva Sales & Service,The Reserve SD,7971.67
CA,* Independent Kiva Sales & Service,The Row House Cannabis Shoppe & Lounge,645.4599999999999
CA,* Independent Kiva Sales & Service,The Sanctuary,3665.18
CA,* Independent Kiva Sales & Service,The Set Reseda (Superstore),288.0
CA,* Independent Kiva Sales & Service,The Spot - Halladay,8444.28
CA,* Independent Kiva Sales & Service,The Sweet Spot,288.28000000000003
CA,* Independent Kiva Sales & Service,The Westwood Farmacy,456.48
CA,* Independent Kiva Sales & Service,Therapeutic Healthcare Collective,0.29999999999999893
CA,* Independent Kiva Sales & Service,Therapeutic Herbal Company LLC,0.02999999999999936
CA,* Independent Kiva Sales & Service,Tioga Green,0.049999999999998934
CA,* Independent Kiva Sales & Service,Token Farms,1740.3
CA,* Independent Kiva Sales & Service,Traditional,1057.96
CA,* Independent Kiva Sales & Service,Traditional Pico_2,432.14
CA,* Independent Kiva Sales & Service,Tree Factory - Port Hueneme,360.0
CA,* Independent Kiva Sales & Service,TreeHouse,20601.92
CA,* Independent Kiva Sales & Service,TreeO,180.0
CA,* Independent Kiva Sales & Service,Treeo,0.1599999999999966
CA,* Independent Kiva Sales & Service,Trees of Echo Park,1200.0
CA,* Independent Kiva Sales & Service,Triple C Collective,0.29999999999999893
CA,* Independent Kiva Sales & Service,Tropicanna,7778.15
CA,* Independent Kiva Sales & Service,Two Rivers Wellness,2620.76
CA,* Independent Kiva Sales & Service,US Bloom,0.18999999999999773
CA,* Independent Kiva Sales & Service,Underground Medicinals Inc,0.1999999999999993
CA,* Independent Kiva Sales & Service,Unified Patients Alliance,0.5999999999999979
CA,* Independent Kiva Sales & Service,Union Station,588.72
CA,* Independent Kiva Sales & Service,Universal Herbal Center,1.9999999999999947
CA,* Independent Kiva Sales & Service,VERSAGENIX INC.,0.5999999999999979
CA,* Independent Kiva Sales & Service,Valley Health Options Collective,0.019999999999999574
CA,* Independent Kiva Sales & Service,Vapor Room,0.6999999999999975
CA,* Independent Kiva Sales & Service,Vista TradeCraft,23499.170000000002
CA,* Independent Kiva Sales & Service,WHTC,0.4799999999999951
CA,* Independent Kiva Sales & Service,Waves (delivery),698.4
CA,* Independent Kiva Sales & Service,Weed Dash Inc,192.0
CA,* Independent Kiva Sales & Service,"West Cliff Provisions, Inc.",20987.16
CA,* Independent Kiva Sales & Service,"West Valley Patients Center, Inc.",3226.37
CA,* Independent Kiva Sales & Service,Wheel House,979.44
CA,* Independent Kiva Sales & Service,WheelHouse,432.0
CA,* Independent Kiva Sales & Service,"Wholesome Delivery, Inc",1154.1399999999999
CA,* Independent Kiva Sales & Service,Wings of Wellness (IE &OC),426.9
CA,* Independent Kiva Sales & Service,Winter Greens,38785.78
CA,* Independent Kiva Sales & Service,WonderBrett,0.0799999999999983
CA,* Independent Kiva Sales & Service,Zen Healing Collective,5358.62
CA,* Independent Kiva Sales & Service,Zen Humboldt,2238.04
CA,* Independent Kiva Sales & Service,Zenganic,0.20999999999999908
CA,* Independent Kiva Sales & Service,"dba Mankind WILD WEST INDUSTRIES, INC.",35871.38
CA,* Independent Kiva Sales & Service,iLyfted - NoHo,1331.42
CA,* Independent Kiva Sales & Service,iLyfted Studio City,1509.1
CA,3Bros,3 Bros Midtown,706.9200000000001
CA,3Bros,3 Bros Santa Cruz,5327.0
CA,Americannmade,Apothekare,1620.97
CA,Amuse,Amuse - Culver City,10918.36
CA,Amuse,Amuse - Lynwood,23349.28
CA,Amuse,Amuse - NCC Brisbane,25249.11
CA,Amuse,Amuse - OC,823.5
CA,Amuse,Amuse - Sacramento,1912.7
CA,Amuse,Amuse - San Jose,5292.5199999999995
CA,Amuse,Amuse Delivery,3412.5
CA,Apothecarium,The Apothecarium (Lombard) - Deep Thought,25324.43
CA,Apothecarium,The Apothecarium - Berkeley,17046.94
CA,Apothecarium,The Apothecarium - Capitola,12168.4
CA,Apothecarium,The Apothecarium - Castro,15671.24
CA,Apothecarium,The Apothecarium - Deep Thought,16960.8
CA,Apothecarium,The Apothecarium - Howard Street,24181.87
CA,Apothecarium,The Apothecarium - Marina,16590.25
CA,Apothecarium,The Apothecarium - Market/Castro,26037.34
CA,Apothecarium,The Apothecarium - SF,19410.1
CA,Apothecarium,The Apothecarium - Soma,5707.6
CA,Atrium,Atrium,108255.58
CA,Atrium,Atrium Valley Village,2752.96
CA,BLUM,Blum Oakland,288.33
CA,BLUM,Blum San Leandro,288.21
CA,Barbary Group,Barbary Coast,8399.92
CA,Barbary Group,Barbary Coast - Sunset,13494.6
CA,Barbary Group,Moe Greens,13294.03
CA,Barbary Group,North Beach Pipeline,4120.98
CA,Barbary Group,Sunset Pipeline,22877.02
CA,Beyond Hello/Jushi Brand,Beyond / Hello,1420.72
CA,Beyond Hello/Jushi Brand,Beyond Hello,0.1699999999999985
CA,Beyond Hello/Jushi Brand,Beyond Hello - Grover Beach,3247.27
CA,Beyond Hello/Jushi Brand,Beyond Hello - Palm Springs,2369.1
CA,Beyond Hello/Jushi Brand,Beyond Hello - Santa Barbara,15191.51
CA,Blaze Mota,ILLA Canna,660.0
CA,Blaze Mota,Illa Canna (Ventura Oaks Ventures),804.03
CA,Blaze Mota,Ventura Oaks Ventures,696.0
CA,Budega,Budega - Westwood,612.0
CA,CHAi,CHAI Cannabis Co - Santa Cruz,0.3999999999999986
CA,CHAi,"Three Habitat Consulting Antioch, LLC",270.24
CA,CHAi,Three Habitat Consulting Atwater LLC,1118.61
CA,CHAi / One Plant,One Plant - Anitoch,2.1499999999999613
CA,CHAi / One Plant,One Plant - El Sobrante,2788.99
CA,CHAi / One Plant,One Plant - Salinas,1873.73
CA,COCO Farms,COCO FARMS LLC,42587.4
CA,COCO Farms,RIO VISTA FARMS LLC,11797.0
CA,Cali Distro,2ONE2 California,2319.13
CA,Cali Distro,"Aloha Aina, Inc",2382.0
CA,Cali Distro,Cali Distribution Inc,2550.8
CA,California Street Cannabis Co.,Cal Street Cannabis - California,11495.95
CA,California Street Cannabis Co.,Cal Street Cannabis - Clement,3339.0
CA,Catalyst,Catalyst - Bellflower,216.0
CA,Catalyst,Catalyst - Distribution,2880.0
CA,Catalyst,Catalyst - Pine,216.0
CA,Catalyst,Catalyst - Pomona,216.0
CA,Catalyst,Catalyst - San Bernardino,216.0
CA,Catalyst,Catalyst - Santa Ana,217.50000000000006
CA,Catalyst,Catalyst Bellflower,6565.11
CA,Catalyst,Catalyst Belmont Shore,5514.37
CA,Catalyst,Catalyst Cherry,5047.46
CA,Catalyst,Catalyst Eastside,2224.9
CA,Catalyst,Catalyst El Monte,420.34000000000003
CA,Catalyst,Catalyst Florence,0.29999999999997584
CA,Catalyst,Catalyst Marina,180.20000000000002
CA,Catalyst,Catalyst Palm Desert,394.0
CA,Catalyst,Catalyst Pine,2506.94
CA,Catalyst,Catalyst Pomona,1056.7
CA,Catalyst,Catalyst Santa Ana,5601.78
CA,Coast to Coast,Coast to Coast,1183.7999999999997
CA,Coastal,Coastal - Stockton,144.0
CA,Coastal,Coastal Delivery - San Luis Obispo,144.0
CA,Coastal,Coastal Dispensary,10337.13
CA,Coastal,Coastal West LA,2404.7
CA,Coastal,Sol Distro,1404.0
CA,Coastal,Varda (Coastal - Pasadena),720.8
CA,Coastal,"Varda, INC (Coastal Pasadena)",660.02
CA,Coastal,reLeaf,0.8000000000000007
CA,Columbia Care,Project Cannabis DTLA,4.799999999999983
CA,Columbia Care,Project Cannabis NoHo,1203.52
CA,Columbia Care,Project Cannabis SF,2817.72
CA,Columbia Care,THC SD,2505.68
CA,Columbia Care,The Cannabist,25654.84
CA,Connected,Connected - SF,1170.0
CA,Connected,Connected - Sacramento,2334.96
CA,Connected,Connected - Stockton,2334.0
CA,Cookies Corp,Berners on Haight,1716.3
CA,Cookies Corp,Cookies - Antioch,817.34
CA,Cookies Corp,Cookies - Hayward,961.8
CA,Cookies Corp,Cookies - La Mesa,301.98
CA,Cookies Corp,Cookies - Merced,313.34
CA,Cookies Corp,Cookies - Modesto,613.97
CA,Cookies Corp,Cookies - Napa,216.24
CA,Cookies Corp,Cookies - San Bernardino,793.3399999999999
CA,Cookies Corp,Cookies - Union City (Lemonnade),684.36
CA,Cookies Corp,Cookies Antioch,2867.16
CA,Cookies Corp,Cookies Berners on Haight,9635.880000000001
CA,Cookies Corp,Cookies Coalinga,888.27
CA,Cookies Corp,Cookies Hayward,5843.25
CA,Cookies Corp,Cookies La Mesa,8145.3
CA,Cookies Corp,Cookies Merced,2829.12
CA,Cookies Corp,Cookies Modesto,10497.71
CA,Cookies Corp,Cookies Oakland,1573.9
CA,Cookies Corp,Cookies San Bernardino,5160.56
CA,Culture,Culture - Banning,240.76
CA,Culture,Culture - Beverly Hills (BARC),397.72999999999996
CA,Culture,Culture - Harvest Corner,4160.54
CA,Culture,Culture - Long Beach,0.02999999999999936
CA,Culture,Culture - Mira Loma,1998.76
CA,DGT,Dr. Greenthumb - Sacramento,0.1999999999999993
CA,DGT,Dr. Greenthumb's Sylmar,0.7199999999999847
CA,EOE Group,EAST OF EDEN CANNABIS COMPANY,225.0
CA,EOE Group,White Fire,0.1999999999999993
CA,Eaze,"Depot - BW Macaw Group, Inc",88018.31
CA,Eaze,"Depot - Budget King, LLC",28699.86
CA,Eaze,"Depot - Clearlake Growth Fund II, Inc",2743.2000000000003
CA,Eaze,"Depot - ECSD Management, LLC (Eaze San Diego)",2315.64
CA,Eaze,Depot - Element 7 - South San Francisco,50148.82
CA,Eaze,Depot - Fume Cotati,51372.08
CA,Eaze,Depot - Holistic Healing Alternative,99320.62
CA,Eaze,Depot - Hometown Heart - East Bay,125561.18
CA,Eaze,Depot - Hometown Heart - SF,236880.6
CA,Eaze,Depot - Hometown Heart - SF - SoCal Distro,14452.619999999999
CA,Eaze,Depot - OC Delivery,17294.06
CA,Eaze,Depot - OC Retail,2846.98
CA,Eaze,Depot - Ohana Gardens,32896.0
CA,Eaze,Depot - Silver Lake (Eaze),2845.7999999999997
CA,Eaze,Depot - The Green Goddess Inc.,95562.68
CA,Eaze,Depot - The Natural Way of LA - Telos,97217.88
CA,Eaze,Depot - Tropicanna / WCW,27676.8
CA,Eaze,"Depot - ULBP, Inc (Primo Distrobution)",75850.4
CA,Eaze,"Depot - Westside Caregivers Club, Inc.",57610.18
CA,Eaze,Depot - Wilson St.,11464.8
CA,Eaze,Depot -BEACH ENLIGHTENMENT & COMPASSIONATE HEALING,36529.86
CA,Elevate - SoCal,Elevate - Los Angeles,1273.95
CA,Elevate - SoCal,Elevate - Woodland Hills,1729.61
CA,Embarc,Embarc Alameda,8543.84
CA,Embarc,Embarc Fairfield,1122.16
CA,Embarc,Embarc Martinez,4269.22
CA,Embarc,Embarc Tahoe,5754.28
CA,Embarc,Embarc Tahoe LLC,1679.04
CA,Emjay,Emjay - La Mesa,14325.95
CA,Emjay,Emjay - Lynwood,5802.42
CA,Emjay,Emjay - SF,3849.66
CA,Emjay,Sherbinskis,83660.05
CA,Emjay,Sherbinskis (Emjay Fairfax),2016.0
CA,Erba,Erba,50615.84
CA,Erba,Erba Markets Venice (formerly Green Dot),3768.28
CA,Erba,The Woods (Erba),456.66
CA,From the Earth,"From The Earth / DBO Investments LB, LLC",3846.34
CA,From the Earth,From The Earth CBD,384.03999999999996
CA,From the Earth,From The Earth DBO,1.7999999999999936
CA,GO ERBA,Go Erba,3940.89
CA,GTI,Essence,2418.2
CA,Ganja Goddess,Ganja Goddess Delivery - Oakland,29740.08
CA,Ganja Goddess,Goddess Delivers,62415.37
CA,Ganjarunner,Ganjarunner - Oakland,720.0
CA,Ganjarunner,Ganjarunner-Sacramento,720.0
CA,Ganjarunner,HerbalCure Corporation,1252.8
CA,Glass House Group,Bud and Bloom- Santa Ana,7541.26
CA,Glass House Group,Farmacy Berkeley,25961.62
CA,Glass House Group,Farmacy SB,34425.18
CA,Glass House Group,Farmacy Santa Ana,8505.54
CA,Glass House Group,The Pottery,13646.05
CA,Glass House Group,iCANN,9848.8
CA,Golden Group,Lemonnade - Sac,4919.67
CA,Golden Group,Lemonnade - South Sac (Florin),4340.37
CA,Golden Group,SAS - Cookies Sac,2771.26
CA,Green Dragon Collective,Green Dragon - Coachella Valley,4350.12
CA,Green Dragon Collective,Green Dragon - Lompoc,408.0
CA,Green Dragon Collective,Green Dragon - Love Shack,492.0
CA,Green Earth,"GE GRANADA HILLS, INC",3684.0
CA,Green Earth,Green Earth Collective,11344.82
CA,Green Remedy Collective,Parkway Theater Inc,144.0
CA,HIGH NOTE,High Note - Culver City,864.0
CA,HIGH NOTE,High Note - LAX,1728.0
CA,HIGH NOTE,High Note - Los Angeles,1392.0
CA,Harborside,Harborside,89850.84
CA,Harborside,Harborside DHS,8035.46
CA,Harborside,Harborside SF,1172.4
CA,Harborside,Harborside San Jose,17774.0
CA,Harborside,Harborside San Leandro,2916.0
CA,Harborside,Harborside San Leandro (San Leandro Wellness),11790.86
CA,Harvest,805 Beach Breaks (Harvest),2296.47
CA,Harvest,Harvest - 805 Beach Breaks,1272.3
CA,Harvest,Harvest - Napa,1786.82
CA,Harvest,Harvest - Palm Springs,1100.46
CA,Harvest,Harvest - Pasadena,2164.86
CA,Harvest,Harvest - Venice,1256.64
CA,Harvest,"Harvest of Napa, INC- Napa - Medicinal",8147.93
CA,Harvest,Harvest of Venice,4574.14
CA,Harvest,"Holdings Of Harvest, CA LLC",5210.75
CA,Have a Heart,Have a Heart - Santa Cruz,1302.96
CA,Haven,Haven - Belmont,0.2600000000000051
CA,Haven,Haven - Downtown Long Beach,0.2600000000000051
CA,Haven,Haven - Los Alamitos,0.2600000000000051
CA,Haven,Haven - Maywood,0.2600000000000051
CA,Haven,Haven - Paramount,0.2600000000000051
CA,Haven,Haven - San Bernardino,0.2600000000000051
CA,Herb Delivery,HERB delivery - SFValley,216.0
CA,Herb Delivery,Herb Delivery - East LA,2568.04
CA,Herb Delivery,Herb Delivery - West LA,1296.0
CA,High Times Delivery,530 CANNABIS,0.5099999999999625
CA,High Times Delivery,Gencan - High Times Delivery,1155.06
CA,High Times Delivery,High Times - Coalinga,1317.6
CA,High Times Delivery,High Times Coalinga,108.0
CA,High Times Delivery,High Times Oakland - Broadway,6769.86
CA,High Times Delivery,High Times Oakport,1644.48
CA,High Times Delivery,High Times Redding- SYNERGY,1190.5700000000002
CA,High Times Delivery,High Times San Bernardino,0.12999999999999723
CA,High Times Delivery,High Times Shasta- 530 CANNABIS,1.6199999999998909
CA,High Times Delivery,Mountain High Recreation (High Times),1156.44
CA,High Times Delivery,SYNERGY,1.2600000000000477
CA,Higher Level,HIGHER LEVEL OF CARE HOLLISTER INC.,5262.5
CA,Higher Level,Higher Level - Hollister,171.0
CA,Higher Level,Higher Level - Seaside,360.0
CA,Higher Level,"Higher Level GREENFIELD, INC",216.0
CA,Higher Level,Higher Level Seaside,4907.16
CA,Holistic Health / Liberty,Liberty - SF,12491.67
CA,Holistic Health / Liberty,Liberty Beach Center,4778.23
CA,Holistic Health / Liberty,Liberty Gardena,3500.0
CA,Holistic Health / Liberty,Liberty SF,9648.0
CA,Holistic Health / Liberty,Liberty Van Nuys,1293.2
CA,Jade Room,Jade Room - Shannon,1778.74
CA,Juva,Juva RWC,4194.66
CA,Juva,"Juva RWC, Inc.",0.29999999999999893
CA,Juva,Juva Stockton,2834.04
CA,Kolas,AMC,6569.759999999999
CA,Kolas,CC101,6253.03
CA,Kolas,Cloud 9,3177.54
CA,Kolas,Doctor's Orders,6520.49
CA,Kolas,House of Organics,3289.74
CA,Kolas,THC,2204.06
CA,Kushagram,Euflora,0.02999999999999936
CA,LA Cannabis Co.,Holistic Pain Relief (LA Cannabis Co),1224.72
CA,LA Cannabis Co.,Holistic Pain Relief (LACC),504.0
CA,LA Cannabis Co.,Melrose Herbal Collective (LA Cannabis La Brea),1278.92
CA,LA Cannabis Co.,Melrose Herbal Collective (LACC La Brea),744.0
CA,LA Cannabis Co.,Organic Green Treatment Center (LA Cannabis LA),1902.82
CA,LA Cannabis Co.,Organic Green Treatment Center (LACC),792.0
CA,MMD,MMD - Hollywood,8711.07
CA,MMD,MMD Marina del Rey,20038.48
CA,MMD,MMD NoHo,6876.19
CA,MMD,MMD of Long Beach,2022.05
CA,Mankind,Mankind - Distro,1820.0
CA,Mankind,Mankind - Retail,2662.0
CA,March and Ash,March and Ash - Imperial Beach,5781.04
CA,March and Ash,March and Ash Chula Vista,100.0
CA,March and Ash,March and Ash City Heights,14216.6
CA,March and Ash,March and Ash IV,6796.75
CA,March and Ash,March and Ash MV,106409.93
CA,March and Ash,March and Ash Nirvana,100.0
CA,March and Ash,March and Ash Vista,62582.6
CA,March and Ash,March and Ash Wilson St.,11905.5
CA,McDoestle,McDoestle / Flower Co.,1500.0
CA,McDoestle,Prussian Sticks LLC,89589.5
CA,McDoestle,Prussian Sticks LLC / Flower Co.,20181.44
CA,MedMen,MedMen Abbot Kinney,14551.0
CA,MedMen,MedMen Beverly Hills,12123.56
CA,MedMen,MedMen DTLA - Distro,661337.48
CA,MedMen,MedMen DTLA Retail,16383.43
CA,MedMen,MedMen Emeryville (SF),2726.0
CA,MedMen,MedMen LAX,8618.26
CA,MedMen,MedMen Long Beach,4971.5
CA,MedMen,MedMen OC,1500.06
CA,MedMen,MedMen Santa Ana,7062.55
CA,MedMen,MedMen Union (SF),5418.25
CA,MedMen,MedMen Venice Beach,6844.75
CA,MedMen,Medmen Kearny Mesa (SD),7783.01
CA,MedMen,Medmen San Diego,2250.06
CA,MedMen,Medmen San Jose,4147.02
CA,MedMen,Medmen Seaside,1125.04
CA,MedMen,Medmen Sorrento,1125.06
CA,MedMen,Medmen Torrey Pines (SD),8565.51
CA,MedMen,Medmen Weho,0.08000000000004093
CA,MedMen,Medmen West Hollywood,10290.77
CA,Mercy Wellness,Mercy Wellness - Cotati,33275.95
CA,Mercy Wellness,Mercy Wellness - Santa Rosa,5598.28
CA,Mr Nice Guy,Mr Nice Guy - Lake Elsinore,1764.2
CA,Mr Nice Guy,Mr Nice Guy - Santa Ana,5029.22
CA,Mr Nice Guy,Mr Nice Guy - The Marketplace,2592.64
CA,Mr Nice Guy,Mr Nice Guy - The Marketplace SA,1296.0
CA,N. Azimi,Canntinas Group,3594.04
CA,N. Azimi,East Bay Therapeutics,19961.52
CA,NHC,NHC - Grover Beach,757.72
CA,NUG,NUG - Oakland,0.04999999999999938
CA,OTC,Gorilla Rx (Good Times Crenshaw),2007.2
CA,OTC,Off the Charts - Vista,7422.4
CA,OutCo,OutCo El Cajon,0.02999999999999936
CA,Perfect Union,Perfect Union - Lompoc,642.2
CA,Perfect Union,Perfect Union - Northside,0.6399999999999917
CA,Pineapple INC,Pineapple Express,0.02999999999999936
CA,Pineapple INC,Universal Herbal Center (Pineapple Express Distro),906.0
CA,Puff LA,Hierba,240.12
CA,Rebud,Rebud - Elodie,164.15999999999997
CA,Rebud,Rebud - GLS,9647.76
CA,Rebud,Rebud - Montebello,4518.42
CA,Rooted Cannabis Group,Rooted Cannabis Group - Oakland,331.24
CA,Rooted Cannabis Group,Rooted Cannabis Group - Van Nuys,73.19999999999999
CA,SDRC,SDRC,0.37999999999999723
CA,SPARC,Responsible Patient Care (SPARC),12038.11
CA,SPARC,SPARC - Distro,396.0
CA,SPARC,SPARC 14th (LOPARC),443.44
CA,SPARC,SPARC Haight Street,3522.93
CA,SPARC,SPARC Mission,3248.18
CA,SPARC,SPARC Polk,4905.62
CA,SPARC,SPARC Santa Rosa,26030.1
CA,SPARC,SPARC Sebastopol,9739.22
CA,SPARC,SPARC Sonoma,3904.52
CA,SPARC,SPARC- Haight Street,12002.37
CA,Santa Cruz Naturals,Santa Cruz Naturals,0.519999999999996
CA,Santa Cruz Naturals,Santa Cruz Naturals Royal Oaks,0.7599999999999927
CA,ShowGrow,ShowGrow - Long Beach,0.3800000000000061
CA,ShowGrow,The Reef,20816.81
CA,Sixty Four and Hope,Sixty Four and Hope (La Cienega),1560.0
CA,Sixty Four and Hope,Sixty Four and Hope (Melrose),576.33
CA,SoCal Green Meds,"209 Trading Company, INC",219.01999999999998
CA,SoCal Green Meds,Socal Green Meds,1947.56
CA,Solful,Solful,67034.36
CA,Solful,Solful - High Tide,38.0
CA,Solful,Solful - Santa Rosa,4175.8
CA,Solful,Solful - Sebastopol,5971.0
CA,Speedy Weedy,The Joint,0.02999999999999936
CA,Stiiizy,Authentic 909 LLC,1910.3400000000001
CA,Stiiizy,"BCOK, Inc.",955.17
CA,Stiiizy,"CV Wellness, INC",1147.23
CA,Stiiizy,Colay Health Center,955.8900000000001
CA,Stiiizy,"Ironworks Collective, INC. (Distro)",955.44
CA,Stiiizy,"Ironworks Collective, Inc.",1912.14
CA,Stiiizy,"KDM Holdings, LLC",18783.39
CA,Stiiizy,"KMBM, Inc.",954.8100000000001
CA,Stiiizy,Main St Supply,1591.44
CA,Stiiizy,Nibble This,2002.95
CA,Stiiizy,"Olive Drive Enterprises, Inc.",955.14
CA,Stiiizy,Positive Vibe,954.9000000000001
CA,Stiiizy,SGI BENICIA LLC,1147.35
CA,Stiiizy,"SGI Jurupa, LLC.",1466.16
CA,Stiiizy,SGI MARINA LLC,955.02
CA,Stiiizy,SGI PACHECO LLC,1273.23
CA,Stiiizy,SGI RETAIL LLC,1147.0500000000002
CA,Stiiizy,SGI SUISUN LLC,1338.81
CA,Stiiizy,STIIIZY - WESTERN,954.0
CA,Stiiizy,San Bernardino H ST,1150.26
CA,Stiiizy,Stiiizy - Santa Rosa,0.18000000000000682
CA,Stiiizy,"Strategic Green Partners, LLC",1273.1100000000001
CA,Stiiizy,TERP INC,955.02
CA,Stiiizy,"United 415, Inc.",954.81
CA,Super Clinik,Super Clinik,2725.48
CA,Super Clinik,West Clinik,216.0
CA,Sweet Flower,Sweet Flower Culver City,15329.28
CA,Sweet Flower,Sweet Flower DTLA,57973.08
CA,Sweet Flower,Sweet Flower Melrose,72570.03
CA,Sweet Flower,Sweet Flower Pasadena,2636.61
CA,Sweet Flower,Sweet Flower Studio City,107501.96
CA,Sweet Flower,Sweet Flower Westwood,54297.03
CA,The Artist Tree,The Artist Tree,25544.5
CA,The Artist Tree,The Artist Tree - Beverly,6522.36
CA,The Artist Tree,The Artist Tree - Ktown,4434.76
CA,The Artist Tree,The Artist Tree - Riverside,710.72
CA,The Artist Tree,The Artist Tree - WeHo,2364.98
CA,The Cake House,The Cake House - Malibu,360.0
CA,The Cake House,The Cake House - Vista,756.0
CA,The Cake House,The Cake House - Wildomar,2586.12
CA,The Parent Co.,(INACTIVE) Bellflower (Caliva),1584.0
CA,The Parent Co.,Caliva - Distro,9988.2
CA,The Parent Co.,"Caliva CAMISJ2, Inc",156568.98
CA,The Parent Co.,Calma (The Parent Company),6513.5199999999995
CA,The Parent Co.,Coastal - Santa Barbara,27002.72
CA,The Parent Co.,Coastal - Vallejo,2180.88
CA,The Parent Co.,Coastal - West LA,2919.9
CA,The Parent Co.,Coastal Delivery - Santa Barbara,3806.9
CA,The Parent Co.,"NC4 SYSTEMS, INC. (Caliva)",23265.24
CA,The Premier Group,Patient Care First - Distro,0.13999999999999702
CA,The Premier Group,Strains,-297.0
CA,Torrey Holistics,Mammoth Holistics,3505.44
CA,Torrey Holistics,Torrey Holistics,62795.01
CA,TradeCraft,PH Tradecraft Farms,1320.3600000000001
CA,TradeCraft,TradeCraft - El Monte,1337.75
CA,TradeCraft,TradeCraft - Los Angeles,2.0
CA,TradeCraft,TradeCraft - Vista,33866.6
CA,TradeCraft,TradeCraft Disto,1800.92
CA,TradeCraft,TradeCraft Farms - Port Hueneme,9798.15
CA,Traditional,Traditional - Olympic,468.0
CA,Traditional,Traditional - Pico,216.0
CA,Unrivaled Brands,Blum - Oakland,1056.0
CA,Unrivaled Brands,Blum - San Leandro,792.16
CA,Unrivaled Brands,Blum - The Spot - Halladay,2757.62
CA,Unrivaled Brands,Peoples OC,137488.05
CA,Urbana,Urbana - Geary,5863.75
CA,Urbana,Urbana - Mission,3886.75
CA,Urbana,Urbana - SoMa,1368.22
CA,Urbana,Urbana Geary,61321.03
CA,Urbana,Urbana Mission,36151.77
CA,Urbn Leaf,"Depot - Uprooted, Inc.",4136.42
CA,Urbn Leaf,ULBP - Bay Park,32555.31
CA,Urbn Leaf,ULBP - Grossmont,852.0
CA,Urbn Leaf,ULBP - Grover Beach,12000.6
CA,Urbn Leaf,ULBP - La Mesa,6655.58
CA,Urbn Leaf,ULBP - San Jose,1779.07
CA,Urbn Leaf,ULBP - San Ysidro,2850.96
CA,Urbn Leaf,ULBP - Seaside,2244.67
CA,Urbn Leaf,ULBP - Vista,9595.46
CA,Urbn Leaf,Urbn Leaf - Distro,136265.22
CA,VHHC,VHHC - Vallejo Holistic Health Center,1094.3999999999999
CA,Velvet,Velvet,76139.9
CA,Velvet,Velvet Eagle Rock,4664.96
CA,Vibe by CA,Alpine Alternative,432.0
CA,Vibe by CA,EVR Managers LLC,216.0
CA,Vibe by CA,Port City Alternative-Stockton - Medicinal,432.0
CA,"Voyage Distribution, Inc.",Grace Delivery (Voyage Distribution),0.02999999999999936
CA,"Voyage Distribution, Inc.",Wyllow (Voyage Distribution),360.07
CA,Wellgreens,Wellgreens - Jungle Boys San Diego,1046.0
CA,Wellgreens,Wellgreens - Lake Murray,5651.62
CA,Wellgreens,Wellgreens - Lemon Grove,2749.0
CA,West Coast Cannabis Club,West Coast Cannabis Club,15050.44
IL,,The Herbal Care Center,5280.8
IL,Ascend,Ascend - Adams Street,4092.0
IL,Ascend,Ascend - Archer,1776.0
IL,Ascend,Ascend - Chicago Logan Square,53796.6
IL,Ascend,Ascend - Chicago Ridge,6924.36
IL,Ascend,Ascend - Chicago River North,24652.0
IL,Ascend,Ascend - Collinsville,39906.14
IL,Ascend,Ascend - Fairview,34228.92
IL,Ascend,Ascend - Fairview Heights,10536.0
IL,Ascend,Ascend - Horizon,14185.8
IL,Ascend,Ascend - Horizon Drive,7501.68
IL,Ascend,Ascend - Midway,10260.0
IL,Ascend,Ascend - Springfield,11919.36
IL,Ascend,MOCA - Logan Square,62605.81
IL,Ascend,MOCA - River North,39805.62
IL,Beyond/Hello,Beyond/Hello - Bloomington,2508.0
IL,Beyond/Hello,Beyond/Hello - Normal,2448.0
IL,Beyond/Hello,Beyond/Hello - Sauget,4236.0
IL,Beyond/Hello,Beyond/Hello - Sauget 2,3864.0
IL,Cannabist,Cannabist - Chicago,1548.0
IL,Cannabist,Cannabist - Villa Park,3888.2
IL,Columbia Care,Cannabist - Villa Park,1680.72
IL,Columbia Care,Columbia Care - Chicago,3816.6
IL,Consume,Consume - Carbondale,10176.84
IL,Consume,Consume - Chicago,12397.16
IL,Consume,Consume - Marion,11617.44
IL,Consume,Consume - Oakbrook Terrace,14345.48
IL,Consume IL,Marion - MED,1872.0
IL,Curaleaf,Curaleaf - Deerfield,16347.26
IL,Curaleaf,Curaleaf - Justice,18793.02
IL,Curaleaf,Curaleaf - Lincoln Park,29208.18
IL,Curaleaf,Curaleaf - Melrose Park,10225.02
IL,Curaleaf,Curaleaf - Mokena,18864.86
IL,Curaleaf,Curaleaf - Morris,21671.14
IL,Curaleaf,Curaleaf - Northbrook,55406.1
IL,Curaleaf,Curaleaf - Skokie,65311.86
IL,Curaleaf,Curaleaf - Weed Street,1056.96
IL,Curaleaf,Curaleaf - Westmont,40627.02
IL,Curaleaf,Curaleaf - Worth,35665.62
IL,Dispensary 33,Dispensary 33 - Clark St.,6480.0
IL,Dispensary 33,Dispensary 33 - N Clark St.,4057.2
IL,Dispensary 33,Dispensary 33 - Randolph St.,8352.12
IL,Dispensary 33,Dispensary 33 - W Randolph,1152.6
IL,EarthMed,Addison - MED,348.0
IL,EarthMed,EarthMed - Addison,576.84
IL,EarthMed,EarthMed - Rosemont,8376.0
IL,Enlightened,Enlightened - Mount Prospect,11088.4
IL,Enlightened,Enlightened - Mount Prospect (IL),672.96
IL,Enlightened,Enlightened - Schaumburg,11462.2
IL,GTI,RISE - Lake in the Hills,63601.56
IL,GTI,Rise - Canton,25718.14
IL,GTI,Rise - Effingham,40048.6
IL,GTI,Rise - Joliet Colorado Ave,71736.32
IL,GTI,Rise - Joliet Colorado Ave. (AU),38221.68
IL,GTI,Rise - Joliet Rock Creek,33048.76
IL,GTI,Rise - Joliet Rock Creek Blvd. (3CJ),18985.2
IL,GTI,Rise - Lake in the Hills,86233.52
IL,GTI,Rise - Mundelein,187708.92
IL,GTI,Rise - Naperville,70621.6
IL,GTI,Rise - Niles,107859.3
IL,GTI,Rise - Niles AU,70782.49
IL,GTI,Rise - Quincy,21351.0
IL,GTI,Rise Illinois - Charleston,9096.16
IL,GTI,Rise Illinois - Effingham,19140.2
IL,GreenGate,GreenGate - Chicago,5677.0
IL,Hatch,Hatch - Addison,5668.36
IL,Hatch,Hatch - Wheeling,7192.0
IL,Hatch,Hatch Dispensary - Addison,4320.0
IL,Hatch,Hatch Dispensary - Wheeling,4224.0
IL,Herbal Remedies,Herbal Remedies - Quincy,0.2
IL,Herbal Remedies,Quincy - REC 2,0.24
IL,Jushi,Beyond/Hello - Bloomington,4356.0
IL,Jushi,Beyond/Hello - Normal,3900.0
IL,Jushi,Beyond/Hello - Sauget,6300.0
IL,Jushi,Beyond/Hello - Sauget 2,7800.0
IL,Mapleglen,Mapleglen Care Center,7920.0
IL,MedMen,MedMen - Oak Park,39012.46
IL,Midway,Midway - Chicago Archer,17377.44
IL,Midway,Midway - Chicago Ridge,11940.96
IL,Mission,Mission - Calumet City,33268.06
IL,Mission,Mission - Chicago South Shore,9662.4
IL,Mission,Mission - South Chicago,20106.14
IL,Nature's Care,Nature's Care - Rolling Meadows,11269.08
IL,Nature's Care,Nature's Care - West Loop,10851.72
IL,Nature's Care,Nature's Care Company - Chicago,3704.0
IL,Nature's Care,Nature's Care Company - Rolling Meadows,5088.0
IL,NuEra,NuEra - Champaign,1557.0
IL,NuEra,NuEra - Chicago,16681.44
IL,NuEra,NuEra - East Peoria,1188.0
IL,NuEra,NuEra - Pekin,1188.0
IL,NuEra,NuEra - Urbana,3762.0
IL,Sunnyside,Sunnyside - Buffalo Grove,5772.82
IL,Sunnyside,Sunnyside - Champaign,3409.34
IL,Sunnyside,Sunnyside - Danville,7645.54
IL,Sunnyside,Sunnyside - Elmwood Park,10236.42
IL,Sunnyside,Sunnyside - Lakeview,4585.44
IL,Sunnyside,Sunnyside - Naperville,7561.22
IL,Sunnyside,Sunnyside - River North,11089.14
IL,Sunnyside,Sunnyside - Rockford,4801.74
IL,Sunnyside,Sunnyside - Schaumburg,15709.58
IL,Sunnyside,Sunnyside - South Beloit,15482.14
IL,Sunnyside,Sunnyside Illinois - Wrigleyville,3780.78
IL,The Dispensary,The Dispensary - East Dubuque,8196.2
IL,The Dispensary,The Dispensary - Fulton,6792.28
IL,The Happy Cannabis Co.,The Happy Cannabis Co. - Loves Park,2904.0
IL,The Happy Cannabis Co.,The Happy Cannabis Company. - Loves Park,432.0
IL,The Herbal Care Center,The Herbal Care Center,5616.0
IL,Trinity,Trinity Compassionate Care Centers - West Glen,4644.32
IL,Verano,Zen Leaf - Aurora,1128.28
IL,Verano,Zen Leaf - Evanston,2256.0
IL,Verano,Zen Leaf - Highland Park,2581.08
IL,Verano,Zen Leaf - Lombard,2736.0
IL,Verano,Zen Leaf - Naperville,2102.0
IL,Verano,Zen Leaf - Prospect Heights,3471.08
IL,Verano,Zen Leaf - Rogers Park,348.0
IL,Verano,Zen Leaf - St. Charles,3014.8
IL,Verano,Zen Leaf - The Herbal Care Center,1418.0
IL,Verano,Zen Leaf - West Loop,1176.0
IL,VeriLife,VeriLife - Schaumburg,8005.32
IL,VeriLife IL,North Aurora - REC,1776.0
IL,VeriLife IL,Ottawa - REC,1080.0
IL,VeriLife IL,Romeoville - REC,1992.0
IL,Verilife,VeriLife - Schaumburg,2988.0
IL,Verilife,Verilife - Arlington Heights,15431.4
IL,Verilife,Verilife - Chicago,10969.32
IL,Verilife,Verilife - Galena,17653.32
IL,Verilife,Verilife - North Aurora,11006.64
IL,Verilife,Verilife - Ottawa,9265.2
IL,Verilife,Verilife - Romeoville,12049.44
IL,Verilife,Verilife - Rosemont,11689.32
IL,Verilife,Verilife - Superior,5688.0
IL,Verilife,Windy City - Carpentersville,3456.96
IL,Windy City Cannabis,Windy City - Carpentersville,3108.28
IL,Windy City Cannabis,Windy City - Highwood,12048.0
IL,Windy City Cannabis,Windy City - Homewood,6024.96
IL,Windy City Cannabis,Windy City - Litchfield,1536.0
IL,Windy City Cannabis,Windy City - Macomb,3444.0
IL,Windy City Cannabis,Windy City - Posen,6144.96
IL,Windy City Cannabis,Windy City Cannabis - Carpentersville,10020.0
IL,Windy City Cannabis,Windy City Cannabis - Highwood,8352.84
IL,Windy City Cannabis,Windy City Cannabis - Homewood,13812.0
IL,Windy City Cannabis,Windy City Cannabis - Litchfield,1248.96
IL,Windy City Cannabis,Windy City Cannabis - Macomb,3372.84
IL,Windy City Cannabis,Windy City Cannabis - Posen,9084.0
IL,Zen Leaf,Zen Leaf - Aurora,3025.2
IL,Zen Leaf,Zen Leaf - Charleston,2892.96
IL,Zen Leaf,Zen Leaf - Evanston,4464.96
IL,Zen Leaf,Zen Leaf - Highland Park,2100.12
IL,Zen Leaf,Zen Leaf - Lombard,2605.08
IL,Zen Leaf,Zen Leaf - Naperville,3865.44
IL,Zen Leaf,Zen Leaf - Prospect Heights,4524.0
IL,Zen Leaf,Zen Leaf - St. Charles,3865.92
IL,Zen Leaf,Zen Leaf - West Loop,3732.0
MA,1Connection,1Connection,1020.4
MA,Affinity,Affinity Boston,4140.0
MA,Affinity,Affinity West Springfield,2220.0
MA,Apothca,Apothca Arlington,24928.08
MA,Apothca,Apothca Boston,1816.0
MA,Apothca,Apothca Lynn,6764.0
MA,Apothca,"Apothca, Inc",9060.1
MA,Ascend,Ascend Boston,49945.68
MA,Ascend,Ascend Newton,19256.0
MA,Bask,Bask,24700.24
MA,Berkshire Welco,Berkshire Welco,11040.0
MA,Botera Franklin,Botera Franklin,6024.24
MA,Bud's Goods & Provisions,Bud's Good & Provisions - Watertown,1824.24
MA,Bud's Goods & Provisions,Bud's Goods & Provisions,900.3
MA,Bud's Goods & Provisions,Bud's Goods & Provisions Abington,6612.72
MA,Bud's Goods & Provisions,Bud's Goods & Provisions Worcester,4536.54
MA,Canna Provisions,Canna Provisions - Holyoke,6720.52
MA,Cannabist,Cannabist - Boston,6816.48
MA,Cannapi,Cannapi Dispensary,6564.0
MA,Cape Cod Cannabis,Cape Cod Cannabis,3504.32
MA,Caroline's Cannabis,Caroline's Cannabis,3168.0
MA,Clear Sky Cannabis,Clear Sky Cannabis - North Adams,1824.96
MA,Collective,Collective - Billerica,8160.6
MA,Collective,Collective - Littleton,9912.6
MA,Community Growth Partners,Community Growth Partners,8236.48
MA,Cookies,Cookies Worcester,1620.0
MA,Curaleaf,Curaleaf Webster,2592.96
MA,Cypress Tree Management,Cypress Tree Management,3000.3
MA,Diem,"Diem Lynn, LLC",1008.0
MA,Diem,Diem Worcester,2520.0
MA,Doobie,Doobie,13260.0
MA,"Door Name in System
Tree House Craft Cannabis    Tree House Craft Cannabis
Tree House Craft Cannabis    Tree House Craft Cannabis
Name: Account, dtype: object","Door Name in System
Tree House Craft Cannabis    Tree House Craft Cannabis
Tree House Craft Cannabis    Tree House Craft Cannabis
Name: New Door Name for Database, dtype: object",4056.48
MA,Elevated Roots,Elevated Roots,39863.56
MA,Enlite Cannabis,Enlite Cannabis LLC,8444.84
MA,Ermont,Ermont,14260.96
MA,Essex Apothecary,Essex Apothecary,972.4
MA,Farnsworth Fine Cannabis,Farnsworth Fine Cannabis,32310.88
MA,Fine Fettle,Fine Fettle,4800.0
MA,Flower & Soul,Flower & Soul,1572.64
MA,Four Daughters Compassionate Care,"Four Daughters Compassionate Care, Inc.",2702.4
MA,Frozen 4 Corporation,Frozen 4 Corporation,3120.36
MA,GTE Franklin,GTE Franklin LLC,984.6
MA,GTI,RISE,4520.51
MA,GTI,RISE Amherst,19879.92
MA,Ganesh Wellness,"Ganesh Wellness, Inc. d.b.a. Campfire Cannabis",5712.48
MA,Garden Remedies,Garden Remedies,6301.8
MA,Garden Remedies,Garden Remedies Marlborough,10404.0
MA,Garden Remedies,Garden Remedies Melrose,26640.0
MA,Garden Remedies,Garden Remedies Newton,23016.0
MA,Garden Wonders,Garden Wonders,17584.24
MA,Greatest Hits,Greatest Hits,2948.7200000000003
MA,Green Meadows,Green Meadows,15168.9
MA,GreenStar,GreenStar Herbals,2361.6
MA,GreenStar,GreenStar Herbals Chelsea,5868.32
MA,GreenStar,GreenStar Herbals Dracut,10908.0
MA,GreenStar,GreenStar Herbals Maynard,6228.0
MA,Harmony of MA,Harmony of MA,2880.64
MA,Heal,Heal,2040.0
MA,Heal,Heal Provincetown,2508.16
MA,Heal,Heal Sturbridge,2640.36
MA,Healthy Pharms,Healthy Pharms,6960.45
MA,High Hopes,High Hopes,6156.6
MA,Highminded,Highminded,12064.0
MA,INSA Springfield Med,INSA Springfield Med,3456.8
MA,Jushi,"Jushi MA, Inc.",6840.9
MA,Kapha Cannabis,Kapha Cannabis,4128.48
MA,Kosa,Kosa,1056.4
MA,Liberty Compassion,Liberty Compassion,5144.24
MA,Local Roots,Local Roots Fitchburg,840.0
MA,Local Roots,Local Roots Marlborough,2664.7200000000003
MA,Local Roots,Local Roots Sturbridge,13296.76
MA,Major Bloom,Major Bloom,912.32
MA,Mayflower Medicinals,Mayflower Medicinals Boston,23364.0
MA,Mayflower Medicinals,Mayflower Medicinals Worcester,2460.16
MA,MedMen,MedMen,7100.0
MA,Mello fellows,Mello Fellows,3168.24
MA,Mission,Mission,3600.24
MA,Mission,Mission Brookline,8844.8
MA,Mission,Mission Georgetown,34412.24
MA,Mission,Mission Worcester,10104.0
MA,NETA,NETA,3600.6
MA,Native Sun,Native Sun Hudson,930.6
MA,Native Sun,Native Sun North Atleboro,22581.44
MA,Nature's Remedy,Nature's Remedy,7200.0
MA,Nature's Remedy,Nature's Remedy - Millbury,17400.6
MA,Nature's Remedy,Nature's Remedy - Tyngsborough,33000.6
MA,New Dia,"New Dia, LLC",2880.0
MA,None,Heal Sturbridge,4200.32
MA,None,Revolutionary Clinics - Central Square,1416.0
MA,None,Revolutionary Clinics - Somerville,3732.0
MA,Northeast Alternatives,Northeast Alternatives,49468.76
MA,Olde World Remedies,"Olde World Remedies, Inc",1728.32
MA,Panacea Wellness,Panacea Wellness,1188.32
MA,Pure Oasis,Pure Oasis LLC,936.3
MA,Rebelle,Rebelle,21424.44
MA,Redi,Redi,14712.24
MA,Resinate,Resinate - Worcester,4272.88
MA,Resinate,Resinate Northhampton,1088.24
MA,Reverie 73,Reverie 73,5376.72
MA,Revolutionary Clinics,Revolutionary,8364.0
MA,Revolutionary Clinics,Revolutionary - Fawcett,5976.0
MA,Revolutionary Clinics,Revolutionary - Mass Ave,4302.0
MA,Revolutionary Clinics,Revolutionary - Somerville,7947.0
MA,Revolutionary Clinics,Revolutionary Clinics - Cambridge,23652.0
MA,Revolutionary Clinics,Revolutionary Clinics II,21600.0
MA,SEED,SEED,6576.0
MA,Sanctuary,Sanctuary Brookline,19264.6
MA,Sanctuary,Sanctuary Danvers,7728.15
MA,Sanctuary,Sanctuary Gardner,6184.0
MA,Sanctuary,Sanctuary Woburn,8688.24
MA,Silver Therapeutics,Silver Therapeutics,14864.6
MA,Silver Therapeutics,Silver Therapeutics - Orange,4560.0
MA,Silver Therapeutics,Silver Therapeutics - Williamstown,2592.0
MA,Silver Therapeutics,"Silver Therapeutics, Inc. (dba: Orange Cannabis Co.)",1216.32
MA,South Shore Buds,South Shore Buds,20832.32
MA,Temescal Wellness,Temescal - Worcester - Production,2688.0
MA,Temescal Wellness,Temescal Wellness,4502.0
MA,Temescal Wellness,Temescal Wellness Framingham,7776.96
MA,Temescal Wellness,Temescal Wellness Hudson,3132.0
MA,Temescal Wellness,Temescal Wellness Pittsfield,7296.0
MA,The Botanist,The Botanist Worcester,1584.4
MA,The Haven Center,The Haven Center - Provincetown,3392.32
MA,The Hempest,The Hempest,1152.32
MA,The Pass,The Pass,31632.0
MA,Theory Wellness,"Theory Wellness, Inc. - Chicopee",4800.0
MA,Truelieve Holyoke,Truelieve Holyoke,4753.68
MA,Uma Flowers Cannabis Dispensary,Uma Flowers Cannabis Dispensary,3648.64
MA,Union Twist,Union Twist - Framingham,5712.0
MA,United Cultivation,United Cultivation,17236.24
MA,Verano,Zen Leaf Plymouth,2821.14
MA,Verano,Zen Leaf Sharon,5641.14
MA,Western Front,Western Front,52122.29
MA,Western Front,Western Front Cambridge,816.24
MA,Zahara,Zahara,888.64
MA,b\well,"BWell Holdings, Inc",4320.32
MA,b\well,b\well,6240.0
MA,reLeaf Alternative,reLeaf Alternative Inc.,3744.72
NV,   ,   ,3.8
NV,Apothecarium,Apothecarium,44153.29
NV,Apothecary Shoppe,Apothecary Shoppe,10870.04
NV,Beyond/Hello,Beyond Hello,17501.18
NV,Blum Desert Inn,Blum Desert Inn,0.18
NV,Blum Reno,Blum Reno,0.18
NV,Cookies,Cookies on Flamingo,6828.88
NV,Cookies,Cookies on the Strip,8826.12
NV,Cultivate,Cultivate,1778.58
NV,Curaleaf,Curaleaf,2160.48
NV,Curaleaf,Curaleaf Western,2160.36
NV,"Door Name in System
Euphoria Wellness    Euphoria Wellness
Euphoria Wellness    Euphoria Wellness
Name: Account, dtype: object","Door Name in System
Euphoria Wellness    Euphoria Wellness
Euphoria Wellness    Euphoria Wellness
Name: New Door Name for Database, dtype: object",1324.16
NV,"Door Name in System
Silver Sage Wellness    Silver Sage Wellness
Silver Sage Wellness    Silver Sage Wellness
Name: Account, dtype: object","Door Name in System
Silver Sage Wellness    Silver Sage Wellness
Silver Sage Wellness    Silver Sage Wellness
Name: New Door Name for Database, dtype: object",1081.68
NV,Exhale,Exhale,17057.94
NV,GTI,Essence Durango,57733.26
NV,GTI,Essence Henderson,40327.1
NV,GTI,Essence Rainbow,52966.5
NV,GTI,Essence Sunset,11001.12
NV,GTI,Essence Tropicana,35083.67
NV,GTI,Medmen DTLV,1944.0
NV,GTI,Medmen Spring Valley,1665.0
NV,GTI,Rise Carson City,70925.56
NV,GTI,Rise Henderson,15979.88
NV,GTI,Rise Reno,5793.16
NV,GTI,Rise Spanish Springs,20495.82
NV,Green Cannabis,Green Cannabis,5659.82
NV,Green Cannabis ,Green Cannabis,1368.16
NV,Green Cross,Green Cross,432.9
NV,Greenleaf Wellness,Greenleaf Wellness,580.18
NV,Inyo,Inyo Fine Cannabis Dispensary,6562.66
NV,Jardin,Jardin,26900.29
NV,Jenny's Dispensary,Jenny's Dispensary Henderson,0.09
NV,Jenny's Dispensary,Jenny's Dispensary Las Vegas,3040.12
NV,Jenny's Dispensary,Jenny's Dispensary North Las Vegas,14868.51
NV,Kanna,Kanna,0.18
NV,Las Vegas ReLeaf,Las Vegas ReLeaf,10905.45
NV,Las Vegas Releaf,Las Vegas Releaf,1.7
NV,MedMen,MedMen DTLV,14653.31
NV,MedMen,MedMen Paradise,28118.6
NV,MedMen,MedMen Spring Valley,15045.01
NV,MedMen,Medmen DTLV,720.0
NV,MedMen,Medmen Paradise,1230.0
NV,MedMen,Medmen Spring Valley,1602.0
NV,Mynt,MYNT North,7815.38
NV,Mynt,Mynt Downtown,30715.18
NV,Mynt,Mynt North Reno,10732.88
NV,NeWe,NeWe,3185.25
NV,Nevada Wellness Center,Nevada Wellness Center,0.12
NV,None,NuLeaf on the Strip,1128.36
NV,None,RISE Spanish Springs,13269.54
NV,NuLeaf Incline Village,NuLeaf Incline Village,0.18
NV,NuLeaf Las Vegas,NuLeaf Las Vegas,0.18
NV,NuWu,NuWu,5956.26
NV,NuWu,NuWu Elko,720.6
NV,NuWu,NuWu North,576.0
NV,Nuwu,NuWu,13550.369999999999
NV,Oasis,Oasis,577.68
NV,Pesha Numma,Pesha Numma,0.18
NV,Pisos,Pisos,3314.35
NV,Planet 13,Planet 13,72823.69
NV,Reef,Reef,0.0
NV,Reef,Reef Dispensaries,14100.12
NV,Sahara Wellness,Sahara Wellness,0.12
NV,Shango,Shango,5989.01
NV,ShowGrow,ShowGrow,3604.77
NV,Sierra Wellness,Sierra Wellness,0.18
NV,Silver State Relief,Silver State Relief,2700.72
NV,Silver State Relief,Silver State Relief Fernley,4501.86
NV,Silver State Relief,Silver State Relief Sparks,3603.36
NV,SoL Cannabis,SoL Cannabis,0.18
NV,The Dispensary,The Dispensary Decatur,9769.11
NV,The Dispensary,The Dispensary Eastern Express,8521.21
NV,The Dispensary,The Dispensary Gibson,11028.55
NV,The Dispensary,The Dispensary Henderson,28379.18
NV,The Dispensary,The Dispensary Las Vegas,7909.9800000000005
NV,The Dispensary,The Dispensary Reno,43328.3
NV,The Grove,The Grove Las Vegas,1079.08
NV,The Sanctuary,The Sanctuary Downtown Las Vegas,1027.5
NV,The Sanctuary,The Sanctuary North Las Vegas,1027.62
NV,The Source,NuWu,1020.0
NV,The Source,The Source - Distribution,666.2
NV,The Source,The Source Henderson,20332.74
NV,The Source,The Source Las Vegas,8303.68
NV,The Source,The Source NLV,6289.72
NV,The Source,The Source Rainbow,10998.1
NV,The Source,The Source Reno,3925.0
NV,The Source,The Source Sahara,1462.8600000000001
NV,Three Nations Cannabis,Three Nations Cannabis,3220.42
NV,Thrive,Thrive,0.03
NV,Thrive,Thrive Cactus,1080.54
NV,Thrive,Thrive DTLV,665.0
NV,Thrive,Thrive Jackpot,1080.54
NV,Thrive,Thrive North Las Vegas,7730.25
NV,Thrive,Thrive Reno,10734.48
NV,Thrive,Thrive Southern Highlands,8733.56
NV,Thrive,Thrive West Sahara,5056.33
NV,Tree of Life,Tree of Life,1664.24
NV,Tree of Life,Tree of Life City of Las Vegas,640.12
NV,Vegas Treehouse,Vegas Treehouse,3119.09
NV,Wallflower,Wallflower,10226.96
RI,Greenleaf,Greenleaf,20977.42
RI,Summit,Summit,7382.69
